{"cameraMode":{"drawMode":0,"name":"Shaded","section":"Shading Mode"},"sceneLighting":true,"audioPlay":false,"sceneViewState":{"m_AlwaysRefresh":false,"showFog":true,"showSkybox":true,"showFlares":true,"showImageEffects":true,"showParticleSystems":true,"showVisualEffectGraphs":true,"m_FxEnabled":false},"in2DMode":false,"pivot":{"x":0.29702454805374148,"y":0.3391670286655426,"z":-2.2295162677764894},"rotation":{"x":-0.04215051978826523,"y":0.08292815834283829,"z":-0.003512313822284341,"w":-0.9956566095352173},"size":0.23673449456691743,"orthographic":false}