{"cameraMode":{"drawMode":0,"name":"Shaded","section":"Shading Mode"},"sceneLighting":true,"audioPlay":false,"sceneViewState":{"m_AlwaysRefresh":false,"showFog":true,"showSkybox":true,"showFlares":true,"showImageEffects":true,"showParticleSystems":true,"showVisualEffectGraphs":true,"m_FxEnabled":false},"in2DMode":false,"pivot":{"x":0.7690703868865967,"y":0.25922921299934389,"z":0.8822777271270752},"rotation":{"x":-0.12793762981891633,"y":-0.12403059005737305,"z":0.01612655445933342,"w":-0.9838660359382629},"size":0.2615526020526886,"orthographic":false}